date,index,n_active,norm_entropy,top1_lift,top5_mass
2024-01-02,KOSDAQ,30,0.7139259600217197,12.245132446289062,0.6782330274581909
2024-01-02,KOSPI,30,0.7139259600217197,12.245132446289062,0.6782330274581909
2024-01-03,KOSDAQ,30,0.7570885744419361,9.148435592651367,0.6656572818756104
2024-01-03,KOSPI,30,0.7570885744419361,9.148435592651367,0.6656572818756104
2024-01-04,KOSDAQ,30,0.6294945803258016,10.033136367797852,0.811545729637146
2024-01-04,KOSPI,30,0.6294945803258016,10.033136367797852,0.811545729637146
2024-01-05,KOSDAQ,30,0.7470376519898516,10.359652519226074,0.6638898849487305
2024-01-05,KOSPI,30,0.7470376519898516,10.359652519226074,0.6638898849487305
2024-01-08,KOSDAQ,30,0.856602261132882,5.210869312286377,0.5374273657798767
2024-01-08,KOSPI,30,0.856602261132882,5.210869312286377,0.5374273657798767
2024-01-09,KOSDAQ,30,0.7748294342983055,5.225616931915283,0.6709833741188049
2024-01-09,KOSPI,30,0.7748294342983055,5.225616931915283,0.6709833741188049
2024-01-10,KOSDAQ,30,0.6947475917666914,12.871379852294922,0.6882923245429993
2024-01-10,KOSPI,30,0.6947475917666914,12.871379852294922,0.6882923245429993
2024-01-11,KOSDAQ,30,0.7555785842719693,6.543322563171387,0.685634195804596
2024-01-11,KOSPI,30,0.7555785842719693,6.543322563171387,0.685634195804596
2024-01-12,KOSDAQ,30,0.8043020366381167,6.65584659576416,0.6182507872581482
2024-01-12,KOSPI,30,0.8043020366381167,6.65584659576416,0.6182507872581482
2024-01-15,KOSDAQ,30,0.8741283394154722,5.26165771484375,0.5135616660118103
2024-01-15,KOSPI,30,0.8741283394154722,5.26165771484375,0.5135616660118103
2024-01-16,KOSDAQ,30,0.8084182161460528,7.908457279205322,0.5754527449607849
2024-01-16,KOSPI,30,0.8084182161460528,7.908457279205322,0.5754527449607849
2024-01-17,KOSDAQ,30,0.7703828809139917,8.460087776184082,0.6549569964408875
2024-01-17,KOSPI,30,0.7703828809139917,8.460087776184082,0.6549569964408875
2024-01-18,KOSDAQ,30,0.6739596935783914,11.399194717407227,0.7325512170791626
2024-01-18,KOSPI,30,0.6739596935783914,11.399194717407227,0.7325512170791626
2024-01-19,KOSDAQ,30,0.6520852698047199,14.97940731048584,0.697810709476471
2024-01-19,KOSPI,30,0.6520852698047199,14.97940731048584,0.697810709476471
2024-01-22,KOSDAQ,30,0.8511620625761397,5.526350498199463,0.5422892570495605
2024-01-22,KOSPI,30,0.8511620625761397,5.526350498199463,0.5422892570495605
2024-01-23,KOSDAQ,30,0.706418138325228,8.97619915008545,0.7362122535705566
2024-01-23,KOSPI,30,0.706418138325228,8.97619915008545,0.7362122535705566
2024-01-24,KOSDAQ,30,0.717901171597257,6.587496757507324,0.7483232021331787
2024-01-24,KOSPI,30,0.717901171597257,6.587496757507324,0.7483232021331787
2024-01-25,KOSDAQ,30,0.7181169345489843,7.402915954589844,0.7274922132492065
2024-01-25,KOSPI,30,0.7181169345489843,7.402915954589844,0.7274922132492065
2024-01-26,KOSDAQ,30,0.7497824960121993,9.385540008544922,0.6880897283554077
2024-01-26,KOSPI,30,0.7497824960121993,9.385540008544922,0.6880897283554077
2024-01-29,KOSDAQ,30,0.7629551817171181,7.93616247177124,0.6409115791320801
2024-01-29,KOSPI,30,0.7629551817171181,7.93616247177124,0.6409115791320801
2024-01-30,KOSDAQ,30,0.639103041520153,10.38056755065918,0.7844014763832092
2024-01-30,KOSPI,30,0.639103041520153,10.38056755065918,0.7844014763832092
2024-01-31,KOSDAQ,30,0.7510589883289485,7.08165168762207,0.6839421391487122
2024-01-31,KOSPI,30,0.7510589883289485,7.08165168762207,0.6839421391487122
2024-02-01,KOSDAQ,30,0.7193065749173286,7.890916347503662,0.7558395862579346
2024-02-01,KOSPI,30,0.7193065749173286,7.890916347503662,0.7558395862579346
2024-02-02,KOSDAQ,30,0.927508850735796,2.6991159915924072,0.4085272252559662
2024-02-02,KOSPI,30,0.927508850735796,2.6991159915924072,0.4085272252559662
2024-02-05,KOSDAQ,30,0.782428243750269,6.730214595794678,0.6621348857879639
2024-02-05,KOSPI,30,0.782428243750269,6.730214595794678,0.6621348857879639
2024-02-06,KOSDAQ,30,0.7175838360279037,8.06436824798584,0.7533974051475525
2024-02-06,KOSPI,30,0.7175838360279037,8.06436824798584,0.7533974051475525
2024-02-07,KOSDAQ,30,0.8792253360840868,3.7621452808380127,0.5172805190086365
2024-02-07,KOSPI,30,0.8792253360840868,3.7621452808380127,0.5172805190086365
2024-02-08,KOSDAQ,30,0.7272667417494592,8.721259117126465,0.6898108124732971
2024-02-08,KOSPI,30,0.7272667417494592,8.721259117126465,0.6898108124732971
2024-02-13,KOSDAQ,30,0.7109312151147366,12.837700843811035,0.647580087184906
2024-02-13,KOSPI,30,0.7109312151147366,12.837700843811035,0.647580087184906
2024-02-14,KOSDAQ,30,0.7225300509846386,8.425463676452637,0.734102725982666
2024-02-14,KOSPI,30,0.7225300509846386,8.425463676452637,0.734102725982666
2024-02-15,KOSDAQ,30,0.8140346421428999,8.431970596313477,0.5872797966003418
2024-02-15,KOSPI,30,0.8140346421428999,8.431970596313477,0.5872797966003418
2024-02-16,KOSDAQ,30,0.6383743683937054,13.225746154785156,0.7723038196563721
2024-02-16,KOSPI,30,0.6383743683937054,13.225746154785156,0.7723038196563721
2024-02-19,KOSDAQ,30,0.9329805935837265,3.8103079795837402,0.40091681480407715
2024-02-19,KOSPI,30,0.9329805935837265,3.8103079795837402,0.40091681480407715
2024-02-20,KOSDAQ,30,0.7802224566151152,10.461759567260742,0.6018710136413574
2024-02-20,KOSPI,30,0.7802224566151152,10.461759567260742,0.6018710136413574
2024-02-21,KOSDAQ,30,0.8286886477620167,8.7254638671875,0.5430745482444763
2024-02-21,KOSPI,30,0.8286886477620167,8.7254638671875,0.5430745482444763
2024-02-22,KOSDAQ,30,0.861203381544018,7.331538677215576,0.5286508202552795
2024-02-22,KOSPI,30,0.861203381544018,7.331538677215576,0.5286508202552795
2024-02-23,KOSDAQ,30,0.6799936257937205,8.384276390075684,0.7981496453285217
2024-02-23,KOSPI,30,0.6799936257937205,8.384276390075684,0.7981496453285217
2024-02-26,KOSDAQ,30,0.7972033794475485,6.817111015319824,0.6144397854804993
2024-02-26,KOSPI,30,0.7972033794475485,6.817111015319824,0.6144397854804993
2024-02-27,KOSDAQ,30,0.7128821944755145,10.22207260131836,0.708707869052887
2024-02-27,KOSPI,30,0.7128821944755145,10.22207260131836,0.708707869052887
2024-02-28,KOSDAQ,30,0.6668019434156639,11.622743606567383,0.7732208371162415
2024-02-28,KOSPI,30,0.6668019434156639,11.622743606567383,0.7732208371162415
2024-02-29,KOSDAQ,30,0.7185985107277908,7.026104927062988,0.7292876839637756
2024-02-29,KOSPI,30,0.7185985107277908,7.026104927062988,0.7292876839637756
2024-03-04,KOSDAQ,30,0.7662725195753192,10.548104286193848,0.6290502548217773
2024-03-04,KOSPI,30,0.7662725195753192,10.548104286193848,0.6290502548217773
2024-03-05,KOSDAQ,30,0.8130186355729403,5.172309398651123,0.6289548277854919
2024-03-05,KOSPI,30,0.8130186355729403,5.172309398651123,0.6289548277854919
2024-03-06,KOSDAQ,30,0.7284178279841291,10.095231056213379,0.6777732968330383
2024-03-06,KOSPI,30,0.7284178279841291,10.095231056213379,0.6777732968330383
2024-03-07,KOSDAQ,30,0.8310300052508548,8.466634750366211,0.5639457702636719
2024-03-07,KOSPI,30,0.8310300052508548,8.466634750366211,0.5639457702636719
2024-03-08,KOSDAQ,30,0.7697439337713684,8.228876113891602,0.6261478662490845
2024-03-08,KOSPI,30,0.7697439337713684,8.228876113891602,0.6261478662490845
2024-03-11,KOSDAQ,30,0.7075899035952324,6.591274261474609,0.7141684889793396
2024-03-11,KOSPI,30,0.7075899035952324,6.591274261474609,0.7141684889793396
2024-03-12,KOSDAQ,30,0.8130103639588064,4.275636672973633,0.6191273331642151
2024-03-12,KOSPI,30,0.8130103639588064,4.275636672973633,0.6191273331642151
2024-03-13,KOSDAQ,30,0.7800217648247334,6.946659088134766,0.6634500026702881
2024-03-13,KOSPI,30,0.7800217648247334,6.946659088134766,0.6634500026702881
2024-03-14,KOSDAQ,30,0.6784489369034467,7.192060470581055,0.7844533920288086
2024-03-14,KOSPI,30,0.6784489369034467,7.192060470581055,0.7844533920288086
2024-03-15,KOSDAQ,30,0.7642557177935952,8.125972747802734,0.659787118434906
2024-03-15,KOSPI,30,0.7642557177935952,8.125972747802734,0.659787118434906
2024-03-18,KOSDAQ,30,0.9011664935582275,4.251187324523926,0.4687736928462982
2024-03-18,KOSPI,30,0.9011664935582275,4.251187324523926,0.4687736928462982
2024-03-19,KOSDAQ,30,0.652791651632061,14.4586820602417,0.7178915143013
2024-03-19,KOSPI,30,0.652791651632061,14.4586820602417,0.7178915143013
2024-03-20,KOSDAQ,30,0.771201490319538,5.675422668457031,0.6448997855186462
2024-03-20,KOSPI,30,0.771201490319538,5.675422668457031,0.6448997855186462
2024-03-21,KOSDAQ,30,0.7348518119101495,11.56332015991211,0.6640236377716064
2024-03-21,KOSPI,30,0.7348518119101495,11.56332015991211,0.6640236377716064
2024-03-22,KOSDAQ,30,0.7804978032279758,8.869722366333008,0.611518144607544
2024-03-22,KOSPI,30,0.7804978032279758,8.869722366333008,0.611518144607544
2024-03-25,KOSDAQ,30,0.8654324896144079,7.255643844604492,0.51800936460495
2024-03-25,KOSPI,30,0.8654324896144079,7.255643844604492,0.51800936460495
2024-03-26,KOSDAQ,30,0.9159683367553797,3.4211061000823975,0.44693437218666077
2024-03-26,KOSPI,30,0.9159683367553797,3.4211061000823975,0.44693437218666077
2024-03-27,KOSDAQ,30,0.7300741135667843,10.271992683410645,0.6707804799079895
2024-03-27,KOSPI,30,0.7300741135667843,10.271992683410645,0.6707804799079895
2024-03-28,KOSDAQ,30,0.8498022933306536,6.156469345092773,0.5336489677429199
2024-03-28,KOSPI,30,0.8498022933306536,6.156469345092773,0.5336489677429199
2024-03-29,KOSDAQ,30,0.833542823486907,5.728060722351074,0.584595263004303
2024-03-29,KOSPI,30,0.833542823486907,5.728060722351074,0.584595263004303
2024-04-01,KOSDAQ,30,0.845663822523611,6.236728191375732,0.5450921058654785
2024-04-01,KOSPI,30,0.845663822523611,6.236728191375732,0.5450921058654785
2024-04-02,KOSDAQ,30,0.7560554638563101,6.277887344360352,0.7265684008598328
2024-04-02,KOSPI,30,0.7560554638563101,6.277887344360352,0.7265684008598328
2024-04-03,KOSDAQ,30,0.844430160344453,6.510859966278076,0.5320106744766235
2024-04-03,KOSPI,30,0.844430160344453,6.510859966278076,0.5320106744766235
2024-04-04,KOSDAQ,30,0.7434502949990794,8.315816879272461,0.6828120946884155
2024-04-04,KOSPI,30,0.7434502949990794,8.315816879272461,0.6828120946884155
2024-04-05,KOSDAQ,30,0.6454717638126262,9.784287452697754,0.7630759477615356
2024-04-05,KOSPI,30,0.6454717638126262,9.784287452697754,0.7630759477615356
2024-04-08,KOSDAQ,30,0.7475591842708299,7.960225582122803,0.6488542556762695
2024-04-08,KOSPI,30,0.7475591842708299,7.960225582122803,0.6488542556762695
2024-04-09,KOSDAQ,30,0.8119389796332054,5.59384298324585,0.6136102676391602
2024-04-09,KOSPI,30,0.8119389796332054,5.59384298324585,0.6136102676391602
2024-04-11,KOSDAQ,30,0.8302892050969061,5.623116970062256,0.5660152435302734
2024-04-11,KOSPI,30,0.8302892050969061,5.623116970062256,0.5660152435302734
2024-04-12,KOSDAQ,30,0.6772592965351022,9.644344329833984,0.7496631145477295
2024-04-12,KOSPI,30,0.6772592965351022,9.644344329833984,0.7496631145477295
2024-04-15,KOSDAQ,30,0.8271500574347058,7.72477388381958,0.5271520018577576
2024-04-15,KOSPI,30,0.8271500574347058,7.72477388381958,0.5271520018577576
2024-04-16,KOSDAQ,30,0.7960717104765654,4.099205493927002,0.5399655103683472
2024-04-16,KOSPI,30,0.7960717104765654,4.099205493927002,0.5399655103683472
2024-04-17,KOSDAQ,30,0.7446080405841113,4.668498516082764,0.6517141461372375
2024-04-17,KOSPI,30,0.7446080405841113,4.668498516082764,0.6517141461372375
2024-04-18,KOSDAQ,30,0.7592079302192342,4.766013145446777,0.6585661172866821
2024-04-18,KOSPI,30,0.7592079302192342,4.766013145446777,0.6585661172866821
2024-04-19,KOSDAQ,30,0.6871591568816077,11.102529525756836,0.7383733987808228
2024-04-19,KOSPI,30,0.6871591568816077,11.102529525756836,0.7383733987808228
2024-04-22,KOSDAQ,30,0.7461471216003962,11.339556694030762,0.6548776030540466
2024-04-22,KOSPI,30,0.7461471216003962,11.339556694030762,0.6548776030540466
2024-04-23,KOSDAQ,30,0.805509131514252,4.802039623260498,0.6164864897727966
2024-04-23,KOSPI,30,0.805509131514252,4.802039623260498,0.6164864897727966
2024-04-24,KOSDAQ,30,0.7367553346372954,7.661807537078857,0.690843939781189
2024-04-24,KOSPI,30,0.7367553346372954,7.661807537078857,0.690843939781189
2024-04-25,KOSDAQ,30,0.6782451607823708,11.410116195678711,0.7222754955291748
2024-04-25,KOSPI,30,0.6782451607823708,11.410116195678711,0.7222754955291748
2024-04-26,KOSDAQ,30,0.7609902527697925,6.4937825202941895,0.6627638339996338
2024-04-26,KOSPI,30,0.7609902527697925,6.4937825202941895,0.6627638339996338
2024-04-29,KOSDAQ,30,0.72347112233842,7.917534828186035,0.7076473236083984
2024-04-29,KOSPI,30,0.72347112233842,7.917534828186035,0.7076473236083984
2024-04-30,KOSDAQ,30,0.8191400506224981,7.046223163604736,0.5635154247283936
2024-04-30,KOSPI,30,0.8191400506224981,7.046223163604736,0.5635154247283936
2024-05-02,KOSDAQ,30,0.6998959004823055,7.870293617248535,0.7624597549438477
2024-05-02,KOSPI,30,0.6998959004823055,7.870293617248535,0.7624597549438477
2024-05-03,KOSDAQ,30,0.7550257179950774,10.40808391571045,0.6305411458015442
2024-05-03,KOSPI,30,0.7550257179950774,10.40808391571045,0.6305411458015442
2024-05-07,KOSDAQ,30,0.7341248912443236,10.499438285827637,0.6795781850814819
2024-05-07,KOSPI,30,0.7341248912443236,10.499438285827637,0.6795781850814819
2024-05-08,KOSDAQ,30,0.8144304879480994,6.002312183380127,0.6228514909744263
2024-05-08,KOSPI,30,0.8144304879480994,6.002312183380127,0.6228514909744263
2024-05-09,KOSDAQ,30,0.7729270331459575,8.0683012008667,0.6190913319587708
2024-05-09,KOSPI,30,0.7729270331459575,8.0683012008667,0.6190913319587708
2024-05-10,KOSDAQ,30,0.755111658663959,11.580892562866211,0.6127950549125671
2024-05-10,KOSPI,30,0.755111658663959,11.580892562866211,0.6127950549125671
2024-05-13,KOSDAQ,30,0.8524869228060442,5.153927803039551,0.5471445322036743
2024-05-13,KOSPI,30,0.8524869228060442,5.153927803039551,0.5471445322036743
2024-05-14,KOSDAQ,30,0.710486931297957,11.225616455078125,0.6777451038360596
2024-05-14,KOSPI,30,0.710486931297957,11.225616455078125,0.6777451038360596
2024-05-16,KOSDAQ,30,0.7515123849409603,5.132895469665527,0.6055809259414673
2024-05-16,KOSPI,30,0.7515123849409603,5.132895469665527,0.6055809259414673
2024-05-17,KOSDAQ,30,0.8147382200332465,6.62558126449585,0.5968615412712097
2024-05-17,KOSPI,30,0.8147382200332465,6.62558126449585,0.5968615412712097
2024-05-20,KOSDAQ,30,0.8975090381425928,6.310388565063477,0.43493109941482544
2024-05-20,KOSPI,30,0.8975090381425928,6.310388565063477,0.43493109941482544
2024-05-21,KOSDAQ,30,0.7093479720907883,10.08469295501709,0.7293181419372559
2024-05-21,KOSPI,30,0.7093479720907883,10.08469295501709,0.7293181419372559
2024-05-22,KOSDAQ,30,0.7807716076754895,5.904755592346191,0.670818030834198
2024-05-22,KOSPI,30,0.7807716076754895,5.904755592346191,0.670818030834198
2024-05-23,KOSDAQ,30,0.7425548577198837,7.052515983581543,0.7080998420715332
2024-05-23,KOSPI,30,0.7425548577198837,7.052515983581543,0.7080998420715332
2024-05-24,KOSDAQ,30,0.7161974994793946,11.37710189819336,0.6932991147041321
2024-05-24,KOSPI,30,0.7161974994793946,11.37710189819336,0.6932991147041321
2024-05-27,KOSDAQ,30,0.8609987642418439,5.568761348724365,0.5141750574111938
2024-05-27,KOSPI,30,0.8609987642418439,5.568761348724365,0.5141750574111938
2024-05-28,KOSDAQ,30,0.8771322672161123,7.674541473388672,0.4641360640525818
2024-05-28,KOSPI,30,0.8771322672161123,7.674541473388672,0.4641360640525818
2024-05-29,KOSDAQ,30,0.7275997793659817,6.8350605964660645,0.7165728807449341
2024-05-29,KOSPI,30,0.7275997793659817,6.8350605964660645,0.7165728807449341
2024-05-30,KOSDAQ,30,0.7757285166955942,9.141108512878418,0.6364591121673584
2024-05-30,KOSPI,30,0.7757285166955942,9.141108512878418,0.6364591121673584
2024-05-31,KOSDAQ,30,0.7440934480471945,5.05908727645874,0.6575691103935242
2024-05-31,KOSPI,30,0.7440934480471945,5.05908727645874,0.6575691103935242
2024-06-03,KOSDAQ,30,0.7923534797265748,9.87249755859375,0.5944184064865112
2024-06-03,KOSPI,30,0.7923534797265748,9.87249755859375,0.5944184064865112
2024-06-04,KOSDAQ,30,0.7227803023613985,8.592743873596191,0.7040756940841675
2024-06-04,KOSPI,30,0.7227803023613985,8.592743873596191,0.7040756940841675
2024-06-05,KOSDAQ,30,0.6620469569619543,6.794393062591553,0.8113658428192139
2024-06-05,KOSPI,30,0.6620469569619543,6.794393062591553,0.8113658428192139
2024-06-07,KOSDAQ,30,0.8465752422436755,4.9033613204956055,0.5542622804641724
2024-06-07,KOSPI,30,0.8465752422436755,4.9033613204956055,0.5542622804641724
2024-06-10,KOSDAQ,30,0.6430418019147617,9.639989852905273,0.7854996919631958
2024-06-10,KOSPI,30,0.6430418019147617,9.639989852905273,0.7854996919631958
2024-06-11,KOSDAQ,30,0.730352474411914,7.484740734100342,0.7272000908851624
2024-06-11,KOSPI,30,0.730352474411914,7.484740734100342,0.7272000908851624
2024-06-12,KOSDAQ,30,0.6602015458290196,9.318556785583496,0.807292103767395
2024-06-12,KOSPI,30,0.6602015458290196,9.318556785583496,0.807292103767395
2024-06-13,KOSDAQ,30,0.7833587302418961,4.282536506652832,0.6257757544517517
2024-06-13,KOSPI,30,0.7833587302418961,4.282536506652832,0.6257757544517517
2024-06-14,KOSDAQ,30,0.7023220069668026,9.04249095916748,0.7250161170959473
2024-06-14,KOSPI,30,0.7023220069668026,9.04249095916748,0.7250161170959473
2024-06-17,KOSDAQ,30,0.8195333728844024,6.925764083862305,0.598305344581604
2024-06-17,KOSPI,30,0.8195333728844024,6.925764083862305,0.598305344581604
2024-06-18,KOSDAQ,30,0.8093960891728871,6.10728120803833,0.6177914142608643
2024-06-18,KOSPI,30,0.8093960891728871,6.10728120803833,0.6177914142608643
2024-06-19,KOSDAQ,30,0.6868227545406917,6.486847877502441,0.8164580464363098
2024-06-19,KOSPI,30,0.6868227545406917,6.486847877502441,0.8164580464363098
2024-06-20,KOSDAQ,30,0.9336135823602364,2.773442029953003,0.3838481605052948
2024-06-20,KOSPI,30,0.9336135823602364,2.773442029953003,0.3838481605052948
2024-06-21,KOSDAQ,30,0.9187560810137433,2.927004337310791,0.4076997637748718
2024-06-21,KOSPI,30,0.9187560810137433,2.927004337310791,0.4076997637748718
2024-06-24,KOSDAQ,30,0.8920963882668215,5.844789028167725,0.47568634152412415
2024-06-24,KOSPI,30,0.8920963882668215,5.844789028167725,0.47568634152412415
2024-06-25,KOSDAQ,30,0.6577216738526528,11.825277328491211,0.7606446146965027
2024-06-25,KOSPI,30,0.6577216738526528,11.825277328491211,0.7606446146965027
2024-06-26,KOSDAQ,30,0.8667843377378845,6.412203788757324,0.4711594581604004
2024-06-26,KOSPI,30,0.8667843377378845,6.412203788757324,0.4711594581604004
2024-06-27,KOSDAQ,30,0.8211972290969428,8.697602272033691,0.5652170181274414
2024-06-27,KOSPI,30,0.8211972290969428,8.697602272033691,0.5652170181274414
2024-06-28,KOSDAQ,30,0.902016156565988,5.853138446807861,0.43760883808135986
2024-06-28,KOSPI,30,0.902016156565988,5.853138446807861,0.43760883808135986
2024-07-01,KOSDAQ,30,0.783675715319125,8.281846046447754,0.6226311922073364
2024-07-01,KOSPI,30,0.783675715319125,8.281846046447754,0.6226311922073364
2024-07-02,KOSDAQ,30,0.6456550711936421,8.471192359924316,0.8494247198104858
2024-07-02,KOSPI,30,0.6456550711936421,8.471192359924316,0.8494247198104858
2024-07-03,KOSDAQ,30,0.7537910744379712,7.590503692626953,0.6794097423553467
2024-07-03,KOSPI,30,0.7537910744379712,7.590503692626953,0.6794097423553467
2024-07-04,KOSDAQ,30,0.7015706920491245,6.698596000671387,0.7912459373474121
2024-07-04,KOSPI,30,0.7015706920491245,6.698596000671387,0.7912459373474121
2024-07-05,KOSDAQ,30,0.7743541669777366,7.148095607757568,0.631973147392273
2024-07-05,KOSPI,30,0.7743541669777366,7.148095607757568,0.631973147392273
2024-07-08,KOSDAQ,30,0.8517843262936456,5.491758823394775,0.5421990156173706
2024-07-08,KOSPI,30,0.8517843262936456,5.491758823394775,0.5421990156173706
2024-07-09,KOSDAQ,30,0.7546432609890267,6.909684181213379,0.6860779523849487
2024-07-09,KOSPI,30,0.7546432609890267,6.909684181213379,0.6860779523849487
2024-07-10,KOSDAQ,30,0.8698796037861207,4.679638862609863,0.5185050964355469
2024-07-10,KOSPI,30,0.8698796037861207,4.679638862609863,0.5185050964355469
2024-07-11,KOSDAQ,30,0.7820842707794678,7.137042999267578,0.6581845879554749
2024-07-11,KOSPI,30,0.7820842707794678,7.137042999267578,0.6581845879554749
2024-07-12,KOSDAQ,30,0.8072902623915875,8.526463508605957,0.5941300988197327
2024-07-12,KOSPI,30,0.8072902623915875,8.526463508605957,0.5941300988197327
2024-07-15,KOSDAQ,30,0.7735702562924974,8.252903938293457,0.6641405820846558
2024-07-15,KOSPI,30,0.7735702562924974,8.252903938293457,0.6641405820846558
2024-07-16,KOSDAQ,30,0.753473668770193,7.22823429107666,0.6911604404449463
2024-07-16,KOSPI,30,0.753473668770193,7.22823429107666,0.6911604404449463
2024-07-17,KOSDAQ,30,0.6630038705597546,8.244967460632324,0.7903773188591003
2024-07-17,KOSPI,30,0.6630038705597546,8.244967460632324,0.7903773188591003
2024-07-18,KOSDAQ,30,0.6823883281838791,7.815624237060547,0.7794178128242493
2024-07-18,KOSPI,30,0.6823883281838791,7.815624237060547,0.7794178128242493
2024-07-19,KOSDAQ,30,0.8754665183461006,3.506035566329956,0.47273632884025574
2024-07-19,KOSPI,30,0.8754665183461006,3.506035566329956,0.47273632884025574
2024-07-22,KOSDAQ,30,0.7480109686190698,10.038474082946777,0.6437249183654785
2024-07-22,KOSPI,30,0.7480109686190698,10.038474082946777,0.6437249183654785
2024-07-23,KOSDAQ,30,0.7982693661944351,9.8854341506958,0.5550174713134766
2024-07-23,KOSPI,30,0.7982693661944351,9.8854341506958,0.5550174713134766
2024-07-24,KOSDAQ,30,0.6451223932631106,13.810847282409668,0.717292308807373
2024-07-24,KOSPI,30,0.6451223932631106,13.810847282409668,0.717292308807373
2024-07-25,KOSDAQ,30,0.883083202896404,3.665138006210327,0.45687031745910645
2024-07-25,KOSPI,30,0.883083202896404,3.665138006210327,0.45687031745910645
2024-07-26,KOSDAQ,30,0.6845357934295471,7.248952388763428,0.7855473756790161
2024-07-26,KOSPI,30,0.6845357934295471,7.248952388763428,0.7855473756790161
2024-07-29,KOSDAQ,30,0.8094352040939605,4.425539493560791,0.6116507649421692
2024-07-29,KOSPI,30,0.8094352040939605,4.425539493560791,0.6116507649421692
2024-07-30,KOSDAQ,30,0.8481077340080233,5.994260311126709,0.5237181782722473
2024-07-30,KOSPI,30,0.8481077340080233,5.994260311126709,0.5237181782722473
2024-07-31,KOSDAQ,30,0.6874336623133699,11.059235572814941,0.7404032945632935
2024-07-31,KOSPI,30,0.6874336623133699,11.059235572814941,0.7404032945632935
2024-08-01,KOSDAQ,30,0.6815044571447857,11.010408401489258,0.7509353160858154
2024-08-01,KOSPI,30,0.6815044571447857,11.010408401489258,0.7509353160858154
2024-08-02,KOSDAQ,30,0.7551678075022741,10.0394868850708,0.6556904911994934
2024-08-02,KOSPI,30,0.7551678075022741,10.0394868850708,0.6556904911994934
2024-08-05,KOSDAQ,30,0.7239937761941961,6.420966625213623,0.751812219619751
2024-08-05,KOSPI,30,0.7239937761941961,6.420966625213623,0.751812219619751
2024-08-06,KOSDAQ,30,0.7965736151985822,4.362276554107666,0.5660418272018433
2024-08-06,KOSPI,30,0.7965736151985822,4.362276554107666,0.5660418272018433
2024-08-07,KOSDAQ,30,0.6964837895536901,7.142507553100586,0.7687963247299194
2024-08-07,KOSPI,30,0.6964837895536901,7.142507553100586,0.7687963247299194
2024-08-08,KOSDAQ,30,0.7004189749286308,6.5015153884887695,0.7564981579780579
2024-08-08,KOSPI,30,0.7004189749286308,6.5015153884887695,0.7564981579780579
2024-08-09,KOSDAQ,30,0.6636133062655106,10.898453712463379,0.7384964823722839
2024-08-09,KOSPI,30,0.6636133062655106,10.898453712463379,0.7384964823722839
2024-08-12,KOSDAQ,30,0.8540131758105791,6.194746971130371,0.5494544506072998
2024-08-12,KOSPI,30,0.8540131758105791,6.194746971130371,0.5494544506072998
2024-08-13,KOSDAQ,30,0.6538781772174325,7.439387321472168,0.8131023645401001
2024-08-13,KOSPI,30,0.6538781772174325,7.439387321472168,0.8131023645401001
2024-08-14,KOSDAQ,30,0.7425899770307399,7.320370197296143,0.712363600730896
2024-08-14,KOSPI,30,0.7425899770307399,7.320370197296143,0.712363600730896
2024-08-16,KOSDAQ,30,0.6470737231160129,11.089963912963867,0.7435185313224792
2024-08-16,KOSPI,30,0.6470737231160129,11.089963912963867,0.7435185313224792
2024-08-19,KOSDAQ,30,0.7384840318928337,8.15059757232666,0.6783700585365295
2024-08-19,KOSPI,30,0.7384840318928337,8.15059757232666,0.6783700585365295
2024-08-20,KOSDAQ,30,0.6680386198270911,15.24120807647705,0.6513113975524902
2024-08-20,KOSPI,30,0.6680386198270911,15.24120807647705,0.6513113975524902
2024-08-21,KOSDAQ,30,0.8377741046084676,5.894704818725586,0.5375749468803406
2024-08-21,KOSPI,30,0.8377741046084676,5.894704818725586,0.5375749468803406
2024-08-22,KOSDAQ,30,0.9625232242499755,2.4262373447418213,0.3305787444114685
2024-08-22,KOSPI,30,0.9625232242499755,2.4262373447418213,0.3305787444114685
2024-08-23,KOSDAQ,30,0.8039073825061399,6.514969825744629,0.5973495244979858
2024-08-23,KOSPI,30,0.8039073825061399,6.514969825744629,0.5973495244979858
2024-08-26,KOSDAQ,30,0.9150093903032583,4.550658226013184,0.44699588418006897
2024-08-26,KOSPI,30,0.9150093903032583,4.550658226013184,0.44699588418006897
2024-08-27,KOSDAQ,30,0.6386736886678691,11.632861137390137,0.8055863976478577
2024-08-27,KOSPI,30,0.6386736886678691,11.632861137390137,0.8055863976478577
2024-08-28,KOSDAQ,30,0.6648167560235531,10.021366119384766,0.792192816734314
2024-08-28,KOSPI,30,0.6648167560235531,10.021366119384766,0.792192816734314
2024-08-29,KOSDAQ,30,0.7247953516825008,12.52788257598877,0.6415055394172668
2024-08-29,KOSPI,30,0.7247953516825008,12.52788257598877,0.6415055394172668
2024-08-30,KOSDAQ,30,0.7283081940476439,10.194565773010254,0.7000257968902588
2024-08-30,KOSPI,30,0.7283081940476439,10.194565773010254,0.7000257968902588
2024-09-02,KOSDAQ,30,0.8208861322874023,5.962077617645264,0.5761082768440247
2024-09-02,KOSPI,30,0.8208861322874023,5.962077617645264,0.5761082768440247
2024-09-03,KOSDAQ,30,0.8955145977584,4.540547847747803,0.4793427288532257
2024-09-03,KOSPI,30,0.8955145977584,4.540547847747803,0.4793427288532257
2024-09-04,KOSDAQ,30,0.7094969312436215,6.107231140136719,0.752078652381897
2024-09-04,KOSPI,30,0.7094969312436215,6.107231140136719,0.752078652381897
2024-09-05,KOSDAQ,30,0.7585799184308895,8.140454292297363,0.6941701173782349
2024-09-05,KOSPI,30,0.7585799184308895,8.140454292297363,0.6941701173782349
2024-09-06,KOSDAQ,30,0.7944008444215388,5.956003189086914,0.6333308815956116
2024-09-06,KOSPI,30,0.7944008444215388,5.956003189086914,0.6333308815956116
2024-09-09,KOSDAQ,30,0.7585405231161166,9.486946105957031,0.6367345452308655
2024-09-09,KOSPI,30,0.7585405231161166,9.486946105957031,0.6367345452308655
2024-09-10,KOSDAQ,30,0.8626493017536604,5.173472881317139,0.5421608090400696
2024-09-10,KOSPI,30,0.8626493017536604,5.173472881317139,0.5421608090400696
2024-09-11,KOSDAQ,30,0.8607145852274506,6.406754970550537,0.5304120182991028
2024-09-11,KOSPI,30,0.8607145852274506,6.406754970550537,0.5304120182991028
2024-09-12,KOSDAQ,30,0.8564429274131691,3.409071207046509,0.4796775281429291
2024-09-12,KOSPI,30,0.8564429274131691,3.409071207046509,0.4796775281429291
2024-09-13,KOSDAQ,30,0.889750123888243,4.043472766876221,0.48794683814048767
2024-09-13,KOSPI,30,0.889750123888243,4.043472766876221,0.48794683814048767
2024-09-19,KOSDAQ,30,0.7054254044323228,10.824251174926758,0.7147970199584961
2024-09-19,KOSPI,30,0.7054254044323228,10.824251174926758,0.7147970199584961
2024-09-20,KOSDAQ,30,0.9206701185046186,3.797645330429077,0.44874125719070435
2024-09-20,KOSPI,30,0.9206701185046186,3.797645330429077,0.44874125719070435
2024-09-23,KOSDAQ,30,0.9237623703205856,2.849740743637085,0.43089571595191956
2024-09-23,KOSPI,30,0.9237623703205856,2.849740743637085,0.43089571595191956
2024-09-24,KOSDAQ,30,0.732007848715046,10.904684066772461,0.6686137318611145
2024-09-24,KOSPI,30,0.732007848715046,10.904684066772461,0.6686137318611145
2024-09-25,KOSDAQ,30,0.8935046656223126,5.416101455688477,0.48445361852645874
2024-09-25,KOSPI,30,0.8935046656223126,5.416101455688477,0.48445361852645874
2024-09-26,KOSDAQ,30,0.7189039295649176,11.097758293151855,0.7062236070632935
2024-09-26,KOSPI,30,0.7189039295649176,11.097758293151855,0.7062236070632935
2024-09-27,KOSDAQ,30,0.62634589927782,7.877997875213623,0.8372480273246765
2024-09-27,KOSPI,30,0.62634589927782,7.877997875213623,0.8372480273246765
2024-09-30,KOSDAQ,30,0.7704302674491988,10.826582908630371,0.6067954897880554
2024-09-30,KOSPI,30,0.7704302674491988,10.826582908630371,0.6067954897880554
2024-10-02,KOSDAQ,30,0.6903197546618158,8.694771766662598,0.7513335943222046
2024-10-02,KOSPI,30,0.6903197546618158,8.694771766662598,0.7513335943222046
2024-10-04,KOSDAQ,30,0.9427180358798252,2.9347474575042725,0.37450626492500305
2024-10-04,KOSPI,30,0.9427180358798252,2.9347474575042725,0.37450626492500305
2024-10-07,KOSDAQ,30,0.9597941523732219,3.183656930923462,0.3409261405467987
2024-10-07,KOSPI,30,0.9597941523732219,3.183656930923462,0.3409261405467987
2024-10-08,KOSDAQ,30,0.675981262053006,8.849226951599121,0.7912265658378601
2024-10-08,KOSPI,30,0.675981262053006,8.849226951599121,0.7912265658378601
2024-10-10,KOSDAQ,30,0.6889993106326777,10.184067726135254,0.7058250904083252
2024-10-10,KOSPI,30,0.6889993106326777,10.184067726135254,0.7058250904083252
2024-10-11,KOSDAQ,30,0.7101941301773056,10.671615600585938,0.7060993313789368
2024-10-11,KOSPI,30,0.7101941301773056,10.671615600585938,0.7060993313789368
2024-10-14,KOSDAQ,30,0.8601430026711204,8.2229585647583,0.49668246507644653
2024-10-14,KOSPI,30,0.8601430026711204,8.2229585647583,0.49668246507644653
2024-10-15,KOSDAQ,30,0.725417475203157,9.411170959472656,0.7118871808052063
2024-10-15,KOSPI,30,0.725417475203157,9.411170959472656,0.7118871808052063
2024-10-16,KOSDAQ,30,0.6898707742505704,10.2103853225708,0.7290774583816528
2024-10-16,KOSPI,30,0.6898707742505704,10.2103853225708,0.7290774583816528
2024-10-17,KOSDAQ,30,0.763806106496526,10.156373023986816,0.6388856172561646
2024-10-17,KOSPI,30,0.763806106496526,10.156373023986816,0.6388856172561646
2024-10-18,KOSDAQ,30,0.9072276239624033,4.540086269378662,0.45482245087623596
2024-10-18,KOSPI,30,0.9072276239624033,4.540086269378662,0.45482245087623596
2024-10-21,KOSDAQ,30,0.8338595281704365,8.57680606842041,0.5572739243507385
2024-10-21,KOSPI,30,0.8338595281704365,8.57680606842041,0.5572739243507385
2024-10-22,KOSDAQ,30,0.7491366091255146,7.057814121246338,0.6884037852287292
2024-10-22,KOSPI,30,0.7491366091255146,7.057814121246338,0.6884037852287292
2024-10-23,KOSDAQ,30,0.6900632645252434,8.995344161987305,0.7449578046798706
2024-10-23,KOSPI,30,0.6900632645252434,8.995344161987305,0.7449578046798706
2024-10-24,KOSDAQ,30,0.8019922935388917,6.862757682800293,0.6163368821144104
2024-10-24,KOSPI,30,0.8019922935388917,6.862757682800293,0.6163368821144104
2024-10-25,KOSDAQ,30,0.7639137776771151,10.407343864440918,0.6436397433280945
2024-10-25,KOSPI,30,0.7639137776771151,10.407343864440918,0.6436397433280945
2024-10-28,KOSDAQ,30,0.78776189270122,8.234323501586914,0.6158959269523621
2024-10-28,KOSPI,30,0.78776189270122,8.234323501586914,0.6158959269523621
2024-10-29,KOSDAQ,30,0.867912221393925,6.898404598236084,0.5118392705917358
2024-10-29,KOSPI,30,0.867912221393925,6.898404598236084,0.5118392705917358
2024-10-30,KOSDAQ,30,0.7062412099008747,10.833015441894531,0.6924157738685608
2024-10-30,KOSPI,30,0.7062412099008747,10.833015441894531,0.6924157738685608
2024-10-31,KOSDAQ,30,0.8199696654807478,5.953114986419678,0.5722957849502563
2024-10-31,KOSPI,30,0.8199696654807478,5.953114986419678,0.5722957849502563
2024-11-01,KOSDAQ,30,0.713660847778889,9.000954627990723,0.7220877408981323
2024-11-01,KOSPI,30,0.713660847778889,9.000954627990723,0.7220877408981323
2024-11-04,KOSDAQ,30,0.9187567118995671,4.44871711730957,0.44679683446884155
2024-11-04,KOSPI,30,0.9187567118995671,4.44871711730957,0.44679683446884155
2024-11-05,KOSDAQ,30,0.73660749705926,10.977659225463867,0.6569671034812927
2024-11-05,KOSPI,30,0.73660749705926,10.977659225463867,0.6569671034812927
2024-11-06,KOSDAQ,30,0.7612898534376555,8.138193130493164,0.658437967300415
2024-11-06,KOSPI,30,0.7612898534376555,8.138193130493164,0.658437967300415
2024-11-07,KOSDAQ,30,0.8727487323157499,7.426806449890137,0.47875961661338806
2024-11-07,KOSPI,30,0.8727487323157499,7.426806449890137,0.47875961661338806
2024-11-08,KOSDAQ,30,0.7484291758218005,9.606423377990723,0.6720109581947327
2024-11-08,KOSPI,30,0.7484291758218005,9.606423377990723,0.6720109581947327
2024-11-11,KOSDAQ,30,0.7876892707330623,5.505707740783691,0.6476277112960815
2024-11-11,KOSPI,30,0.7876892707330623,5.505707740783691,0.6476277112960815
2024-11-12,KOSDAQ,30,0.7533183306606973,6.7364983558654785,0.6592451333999634
2024-11-12,KOSPI,30,0.7533183306606973,6.7364983558654785,0.6592451333999634
2024-11-13,KOSDAQ,30,0.7687522513548362,6.127865314483643,0.6771140694618225
2024-11-13,KOSPI,30,0.7687522513548362,6.127865314483643,0.6771140694618225
2024-11-14,KOSDAQ,30,0.7539169712090246,7.140449523925781,0.6881993412971497
2024-11-14,KOSPI,30,0.7539169712090246,7.140449523925781,0.6881993412971497
2024-11-15,KOSDAQ,30,0.6942364340525928,11.217937469482422,0.7144568562507629
2024-11-15,KOSPI,30,0.6942364340525928,11.217937469482422,0.7144568562507629
2024-11-18,KOSDAQ,30,0.7055888739591026,10.695385932922363,0.710009753704071
2024-11-18,KOSPI,30,0.7055888739591026,10.695385932922363,0.710009753704071
2024-11-19,KOSDAQ,30,0.664268586341127,9.307724952697754,0.7940232157707214
2024-11-19,KOSPI,30,0.664268586341127,9.307724952697754,0.7940232157707214
2024-11-20,KOSDAQ,30,0.7396669428123913,9.472451210021973,0.660961389541626
2024-11-20,KOSPI,30,0.7396669428123913,9.472451210021973,0.660961389541626
2024-11-21,KOSDAQ,30,0.7933583406469812,8.6713228225708,0.6232678294181824
2024-11-21,KOSPI,30,0.7933583406469812,8.6713228225708,0.6232678294181824
2024-11-22,KOSDAQ,30,0.8044975411450587,7.1467976570129395,0.605398952960968
2024-11-22,KOSPI,30,0.8044975411450587,7.1467976570129395,0.605398952960968
2024-11-25,KOSDAQ,30,0.7926560946267069,8.276217460632324,0.6286390423774719
2024-11-25,KOSPI,30,0.7926560946267069,8.276217460632324,0.6286390423774719
2024-11-26,KOSDAQ,30,0.7593161621872221,7.774035453796387,0.6609033346176147
2024-11-26,KOSPI,30,0.7593161621872221,7.774035453796387,0.6609033346176147
2024-11-27,KOSDAQ,30,0.8392268243653216,5.933043003082275,0.5616855025291443
2024-11-27,KOSPI,30,0.8392268243653216,5.933043003082275,0.5616855025291443
2024-11-28,KOSDAQ,30,0.7741190568607472,10.136065483093262,0.6166071891784668
2024-11-28,KOSPI,30,0.7741190568607472,10.136065483093262,0.6166071891784668
2024-11-29,KOSDAQ,30,0.7476250066917759,10.190265655517578,0.6603893041610718
2024-11-29,KOSPI,30,0.7476250066917759,10.190265655517578,0.6603893041610718
2024-12-02,KOSDAQ,30,0.7500027452631177,6.550059795379639,0.7115111351013184
2024-12-02,KOSPI,30,0.7500027452631177,6.550059795379639,0.7115111351013184
2024-12-03,KOSDAQ,30,0.7491188041255995,8.72158145904541,0.6534123420715332
2024-12-03,KOSPI,30,0.7491188041255995,8.72158145904541,0.6534123420715332
2024-12-04,KOSDAQ,30,0.7523789416691127,7.567074298858643,0.7146619558334351
2024-12-04,KOSPI,30,0.7523789416691127,7.567074298858643,0.7146619558334351
2024-12-05,KOSDAQ,30,0.7621974177443526,6.121862888336182,0.6953835487365723
2024-12-05,KOSPI,30,0.7621974177443526,6.121862888336182,0.6953835487365723
2024-12-06,KOSDAQ,30,0.6963659541014959,6.808073043823242,0.7920283675193787
2024-12-06,KOSPI,30,0.6963659541014959,6.808073043823242,0.7920283675193787
2024-12-09,KOSDAQ,30,0.6426090843380844,10.42285442352295,0.7721118330955505
2024-12-09,KOSPI,30,0.6426090843380844,10.42285442352295,0.7721118330955505
2024-12-10,KOSDAQ,30,0.5477568027036566,17.899248123168945,0.7849000692367554
2024-12-10,KOSPI,30,0.5477568027036566,17.899248123168945,0.7849000692367554
2024-12-11,KOSDAQ,30,0.712565489791985,8.162155151367188,0.741998553276062
2024-12-11,KOSPI,30,0.712565489791985,8.162155151367188,0.741998553276062
2024-12-12,KOSDAQ,30,0.7430873954535654,4.827920436859131,0.609761655330658
2024-12-12,KOSPI,30,0.7430873954535654,4.827920436859131,0.609761655330658
2024-12-13,KOSDAQ,30,0.7254929011083092,6.921632289886475,0.730193018913269
2024-12-13,KOSPI,30,0.7254929011083092,6.921632289886475,0.730193018913269
2024-12-16,KOSDAQ,30,0.8583786954157517,4.700899600982666,0.5162177681922913
2024-12-16,KOSPI,30,0.8583786954157517,4.700899600982666,0.5162177681922913
2024-12-17,KOSDAQ,30,0.768885578558925,8.76168441772461,0.6439066529273987
2024-12-17,KOSPI,30,0.768885578558925,8.76168441772461,0.6439066529273987
2024-12-18,KOSDAQ,30,0.6936428405908557,12.482256889343262,0.7157989144325256
2024-12-18,KOSPI,30,0.6936428405908557,12.482256889343262,0.7157989144325256
2024-12-19,KOSDAQ,30,0.8396263853870388,5.860107898712158,0.5735406875610352
2024-12-19,KOSPI,30,0.8396263853870388,5.860107898712158,0.5735406875610352
2024-12-20,KOSDAQ,30,0.6328557296995418,11.472034454345703,0.7868878841400146
2024-12-20,KOSPI,30,0.6328557296995418,11.472034454345703,0.7868878841400146
2024-12-23,KOSDAQ,30,0.759320788683263,12.274901390075684,0.5869258642196655
2024-12-23,KOSPI,30,0.759320788683263,12.274901390075684,0.5869258642196655
2024-12-24,KOSDAQ,30,0.751328236378846,5.934104919433594,0.7029556035995483
2024-12-24,KOSPI,30,0.751328236378846,5.934104919433594,0.7029556035995483
2024-12-26,KOSDAQ,30,0.8556395994642428,4.673733234405518,0.5653139352798462
2024-12-26,KOSPI,30,0.8556395994642428,4.673733234405518,0.5653139352798462
2024-12-27,KOSDAQ,30,0.6807766251994365,13.102400779724121,0.7161349058151245
2024-12-27,KOSPI,30,0.6807766251994365,13.102400779724121,0.7161349058151245
2024-12-30,KOSDAQ,30,0.94557153246071,3.3729026317596436,0.39998671412467957
2024-12-30,KOSPI,30,0.94557153246071,3.3729026317596436,0.39998671412467957
